{
  "generated_at": "2025-09-06T06:12:44.563118",
  "fast": true,
  "warmup_bars": 40,
  "pairs_used": 3,
  "total_points": 272,
  "threshold_overrides_used": false,
  "persisted_thresholds_loaded": true,
  "overrides": null,
  "applied_thresholds": null,
  "global": {
    "mean": 40.15319933704287,
    "std": 18.305099334863606,
    "min": 10.837845800070218,
    "max": 81.92057217370774,
    "percentiles": {
      "5": 15.183093981573045,
      "10": 17.822519215011297,
      "15": 20.049652979696276,
      "25": 23.65462111370353,
      "50": 40.82708564097014,
      "75": 54.08762905374465,
      "85": 61.948852523045744,
      "90": 65.69173067829456,
      "95": 70.53563726327569
    },
    "suggested_buy_threshold": 50.19,
    "suggested_sell_threshold": 16.66,
    "adx_percentiles": {
      "5": 34.82290777024187,
      "25": 36.85712275389119,
      "50": 39.39989148345283,
      "75": 56.11886334571756,
      "95": 69.49404083552933
    },
    "atr_risk_percentiles": {
      "5": 70.0,
      "25": 70.0,
      "50": 70.0,
      "75": 85.0,
      "95": 97.0
    },
    "suggested_buy_exit_threshold": 45.19,
    "suggested_sell_exit_threshold": 21.66,
    "trade_stats": {
      "total_trades": 10,
      "wins": 6,
      "losses": 4,
      "winrate": 60.0,
      "avg_expectancy_pct": 0.24,
      "winrate_after_costs": 40.0,
      "avg_expectancy_after_costs_pct": 0.12,
      "max_consec_losses": 2,
      "commission_pct_per_side": 0.04,
      "slippage_pct_per_side": 0.02,
      "next_bar_fill": false
    },
    "optimization": {
      "candidates": []
    }
  },
  "symbols": {
    "BTCUSDT": {
      "count": 100,
      "mean": 33.97901802666802,
      "std": 12.44136746778226,
      "p25": 22.991698757408233,
      "p50": 34.90729155754302,
      "p75": 46.62118008662199,
      "trades": {
        "total_trades": 3,
        "wins": 2,
        "losses": 1,
        "winrate": 66.67,
        "avg_gain_pct": 0.5,
        "avg_loss_pct": 0.09,
        "expectancy_pct": 0.3,
        "max_consec_losses": 1,
        "cost_per_round_pct": 0.12,
        "winrate_after_costs": 33.33,
        "expectancy_after_costs_pct": 0.18
      }
    },
    "ETHUSDT": {
      "count": 86,
      "mean": 37.83839553448692,
      "std": 15.243768734900662,
      "p25": 24.60103451056115,
      "p50": 35.715296038670445,
      "p75": 50.10191638951054,
      "trades": {
        "total_trades": 2,
        "wins": 1,
        "losses": 1,
        "winrate": 50.0,
        "avg_gain_pct": 3.0,
        "avg_loss_pct": 1.89,
        "expectancy_pct": 0.55,
        "max_consec_losses": 1,
        "cost_per_round_pct": 0.12,
        "winrate_after_costs": 50.0,
        "expectancy_after_costs_pct": 0.43
      }
    },
    "WBTCUSDT": {
      "count": 86,
      "mean": 49.64728373305795,
      "std": 22.529916071491144,
      "p25": 24.781054376599133,
      "p50": 56.461721592076344,
      "p75": 67.93835632256082,
      "trades": {
        "total_trades": 5,
        "wins": 3,
        "losses": 2,
        "winrate": 60.0,
        "avg_gain_pct": 0.25,
        "avg_loss_pct": 0.68,
        "expectancy_pct": -0.12,
        "max_consec_losses": 2,
        "cost_per_round_pct": 0.12,
        "winrate_after_costs": 40.0,
        "expectancy_after_costs_pct": -0.24
      }
    }
  }
}