{
  "generated_at": "2025-08-23T07:24:50.634332",
  "fast": false,
  "warmup_bars": 120,
  "pairs_used": 3,
  "total_points": 705,
  "threshold_overrides_used": false,
  "persisted_thresholds_loaded": true,
  "overrides": null,
  "applied_thresholds": null,
  "global": {
    "mean": 41.18090699601483,
    "std": 16.46555597071155,
    "min": 12.873341254208674,
    "max": 85.5329106110346,
    "percentiles": {
      "5": 17.015660465386844,
      "10": 20.685193877916486,
      "15": 23.100576635396493,
      "25": 27.608461482851013,
      "50": 41.34477323584593,
      "75": 49.13753731752583,
      "85": 57.870247007629594,
      "90": 64.57702773465458,
      "95": 73.40569345079207
    },
    "suggested_buy_threshold": 50.19,
    "suggested_sell_threshold": 16.82,
    "adx_percentiles": {
      "5": 14.145271268049392,
      "25": 27.90773677132189,
      "50": 45.11081865041251,
      "75": 58.96806089863713,
      "95": 70.05385469721682
    },
    "atr_risk_percentiles": {
      "5": 70.14618558079447,
      "25": 70.7309279039723,
      "50": 71.4618558079446,
      "75": 85.42902821401411,
      "95": 96.60276613886971
    },
    "suggested_buy_exit_threshold": 45.19,
    "suggested_sell_exit_threshold": 21.82,
    "trade_stats": {
      "total_trades": 23,
      "wins": 15,
      "losses": 8,
      "winrate": 65.22,
      "avg_expectancy_pct": 0.78,
      "winrate_after_costs": 65.22,
      "avg_expectancy_after_costs_pct": 0.66,
      "max_consec_losses": 2,
      "commission_pct_per_side": 0.04,
      "slippage_pct_per_side": 0.02,
      "next_bar_fill": false
    },
    "optimization": {
      "candidates": [
        {
          "buy": 50.19,
          "sell": 16.82,
          "buy_exit": 45.19,
          "sell_exit": 21.82,
          "baseline": true
        },
        {
          "buy": 50.19,
          "sell": 17.02,
          "buy_exit": 45.19,
          "sell_exit": 22.02,
          "winrate": 51.72,
          "expectancy_pct": 0.52,
          "winrate_after_costs": 51.72,
          "expectancy_after_costs_pct": 0.4,
          "total_trades": 29,
          "max_consec_losses": 3
        },
        {
          "buy": 50.19,
          "sell": 20.69,
          "buy_exit": 45.19,
          "sell_exit": 25.69,
          "winrate": 48.57,
          "expectancy_pct": 0.42,
          "winrate_after_costs": 48.57,
          "expectancy_after_costs_pct": 0.3,
          "total_trades": 35,
          "max_consec_losses": 3
        },
        {
          "buy": 50.19,
          "sell": 27.61,
          "buy_exit": 45.19,
          "sell_exit": 32.61,
          "winrate": 46.81,
          "expectancy_pct": 0.31,
          "winrate_after_costs": 46.81,
          "expectancy_after_costs_pct": 0.19,
          "total_trades": 47,
          "max_consec_losses": 5
        },
        {
          "buy": 50.19,
          "sell": 23.1,
          "buy_exit": 45.19,
          "sell_exit": 28.1,
          "winrate": 43.59,
          "expectancy_pct": 0.27,
          "winrate_after_costs": 43.59,
          "expectancy_after_costs_pct": 0.15,
          "total_trades": 39,
          "max_consec_losses": 3
        },
        {
          "buy": 49.14,
          "sell": 17.02,
          "buy_exit": 44.14,
          "sell_exit": 22.02,
          "winrate": 41.18,
          "expectancy_pct": 0.26,
          "winrate_after_costs": 41.18,
          "expectancy_after_costs_pct": 0.14,
          "total_trades": 34,
          "max_consec_losses": 3
        },
        {
          "buy": 49.14,
          "sell": 16.82,
          "buy_exit": 44.14,
          "sell_exit": 21.82,
          "winrate": 41.18,
          "expectancy_pct": 0.24,
          "winrate_after_costs": 41.18,
          "expectancy_after_costs_pct": 0.12,
          "total_trades": 34,
          "max_consec_losses": 3
        },
        {
          "buy": 49.14,
          "sell": 20.69,
          "buy_exit": 44.14,
          "sell_exit": 25.69,
          "winrate": 40.0,
          "expectancy_pct": 0.22,
          "winrate_after_costs": 40.0,
          "expectancy_after_costs_pct": 0.1,
          "total_trades": 40,
          "max_consec_losses": 3
        },
        {
          "buy": 64.58,
          "sell": 17.02,
          "buy_exit": 59.58,
          "sell_exit": 22.02,
          "winrate": 33.33,
          "expectancy_pct": 0.2,
          "winrate_after_costs": 33.33,
          "expectancy_after_costs_pct": 0.08,
          "total_trades": 24,
          "max_consec_losses": 4
        }
      ]
    }
  },
  "symbols": {
    "BTCUSDT": {
      "count": 279,
      "mean": 34.51020630626434,
      "std": 13.227338104667119,
      "p25": 21.38339464931219,
      "p50": 39.3414684929225,
      "p75": 46.00784467323915,
      "trades": {
        "total_trades": 10,
        "wins": 6,
        "losses": 4,
        "winrate": 60.0,
        "avg_gain_pct": 0.84,
        "avg_loss_pct": 0.17,
        "expectancy_pct": 0.44,
        "max_consec_losses": 2,
        "cost_per_round_pct": 0.12,
        "winrate_after_costs": 60.0,
        "expectancy_after_costs_pct": 0.32
      }
    },
    "SOLUSDT": {
      "count": 205,
      "mean": 50.03628192886657,
      "std": 20.934405404649723,
      "p25": 29.647749872777673,
      "p50": 48.55520805535516,
      "p75": 69.07469850587758,
      "trades": {
        "total_trades": 7,
        "wins": 6,
        "losses": 1,
        "winrate": 85.71,
        "avg_gain_pct": 2.9,
        "avg_loss_pct": 0.73,
        "expectancy_pct": 2.38,
        "max_consec_losses": 1,
        "cost_per_round_pct": 0.12,
        "winrate_after_costs": 85.71,
        "expectancy_after_costs_pct": 2.26
      }
    },
    "DOGEUSDT": {
      "count": 221,
      "mean": 41.388027499208434,
      "std": 10.416657017621482,
      "p25": 33.02676456374162,
      "p50": 40.61707430948143,
      "p75": 47.82642230331932,
      "trades": {
        "total_trades": 6,
        "wins": 3,
        "losses": 3,
        "winrate": 50.0,
        "avg_gain_pct": 0.44,
        "avg_loss_pct": 1.38,
        "expectancy_pct": -0.47,
        "max_consec_losses": 2,
        "cost_per_round_pct": 0.12,
        "winrate_after_costs": 50.0,
        "expectancy_after_costs_pct": -0.59
      }
    }
  }
}