{
  "generated_at": "2025-08-22T09:32:01.967135",
  "fast": true,
  "warmup_bars": 40,
  "pairs_used": 3,
  "total_points": 303,
  "global": {
    "mean": 39.18535684668728,
    "std": 17.22874763040883,
    "min": 13.182991458826454,
    "max": 82.87945649375919,
    "percentiles": {
      "5": 17.055646388112475,
      "10": 19.17578815409748,
      "15": 21.634321644635364,
      "25": 23.812978301096557,
      "50": 39.595177958110725,
      "75": 49.315858160670416,
      "85": 60.386330931796884,
      "90": 64.42540316717012,
      "95": 69.07411850373373
    },
    "suggested_buy_threshold": 60.386330931796884,
    "suggested_sell_threshold": 21.634321644635364,
    "adx_percentiles": {
      "5": 14.029985579121984,
      "25": 25.28674794769875,
      "50": 39.35770090841971,
      "75": 58.37623234480924,
      "95": 73.59105749392086
    },
    "atr_risk_percentiles": {
      "5": 70.0,
      "25": 70.0,
      "50": 70.0,
      "75": 84.85622570099869,
      "95": 96.74120626179766
    },
    "suggested_buy_exit_threshold": 55.386330931796884,
    "suggested_sell_exit_threshold": 26.634321644635364,
    "trade_stats": {
      "total_trades": 15,
      "wins": 4,
      "losses": 11,
      "winrate": 26.67,
      "avg_expectancy_pct": -0.22,
      "winrate_after_costs": 20.0,
      "avg_expectancy_after_costs_pct": -0.34,
      "max_consec_losses": 4,
      "commission_pct_per_side": 0.04,
      "slippage_pct_per_side": 0.02,
      "next_bar_fill": false
    },
    "optimization": {
      "candidates": []
    }
  },
  "symbols": {
    "SOLUSDT": {
      "count": 101,
      "mean": 46.38356172645662,
      "std": 20.75564937241858,
      "p25": 26.13328114940315,
      "p50": 45.5870777515816,
      "p75": 66.06766133257818,
      "trades": {
        "total_trades": 7,
        "wins": 1,
        "losses": 6,
        "winrate": 14.29,
        "avg_gain_pct": 2.86,
        "avg_loss_pct": 0.56,
        "expectancy_pct": -0.07,
        "max_consec_losses": 4,
        "cost_per_round_pct": 0.12,
        "winrate_after_costs": 14.29,
        "expectancy_after_costs_pct": -0.19
      }
    },
    "BTCUSDT": {
      "count": 101,
      "mean": 34.1347694186281,
      "std": 12.477162632719516,
      "p25": 23.064902058098493,
      "p50": 38.996532836819526,
      "p75": 46.76393747217783,
      "trades": {
        "total_trades": 3,
        "wins": 2,
        "losses": 1,
        "winrate": 66.67,
        "avg_gain_pct": 0.31,
        "avg_loss_pct": 0.42,
        "expectancy_pct": 0.07,
        "max_consec_losses": 1,
        "cost_per_round_pct": 0.12,
        "winrate_after_costs": 33.33,
        "expectancy_after_costs_pct": -0.05
      }
    },
    "ETHUSDT": {
      "count": 101,
      "mean": 37.03773939497709,
      "std": 14.902275629055678,
      "p25": 23.950585023202965,
      "p50": 34.97623171128041,
      "p75": 47.849039518645995,
      "trades": {
        "total_trades": 5,
        "wins": 1,
        "losses": 4,
        "winrate": 20.0,
        "avg_gain_pct": 1.19,
        "avg_loss_pct": 1.11,
        "expectancy_pct": -0.65,
        "max_consec_losses": 2,
        "cost_per_round_pct": 0.12,
        "winrate_after_costs": 20.0,
        "expectancy_after_costs_pct": -0.77
      }
    }
  }
}