{
  "generated_at": "2025-08-22T09:32:20.797533",
  "fast": false,
  "warmup_bars": 120,
  "pairs_used": 3,
  "total_points": 840,
  "global": {
    "mean": 40.28404089439386,
    "std": 17.602174998402624,
    "min": 12.123762837734523,
    "max": 85.5329106110346,
    "percentiles": {
      "5": 16.66121761155739,
      "10": 19.055294189021055,
      "15": 21.335260309430172,
      "25": 24.54083127309994,
      "50": 40.21051851937792,
      "75": 50.19353911320666,
      "85": 59.6483195275687,
      "90": 66.12957316330004,
      "95": 74.27214178507585
    },
    "suggested_buy_threshold": 59.6483195275687,
    "suggested_sell_threshold": 21.335260309430172,
    "adx_percentiles": {
      "5": 14.024098827424963,
      "25": 25.288464038648456,
      "50": 39.36892055267782,
      "75": 58.37554799041468,
      "95": 73.58084994060417
    },
    "atr_risk_percentiles": {
      "5": 70.0,
      "25": 70.0,
      "50": 70.0,
      "75": 84.85615868173366,
      "95": 96.74108562712058
    },
    "suggested_buy_exit_threshold": 54.6483195275687,
    "suggested_sell_exit_threshold": 26.335260309430172,
    "trade_stats": {
      "total_trades": 36,
      "wins": 14,
      "losses": 22,
      "winrate": 38.89,
      "avg_expectancy_pct": 0.12,
      "winrate_after_costs": 36.11,
      "avg_expectancy_after_costs_pct": -0.0,
      "max_consec_losses": 5,
      "commission_pct_per_side": 0.04,
      "slippage_pct_per_side": 0.02,
      "next_bar_fill": false
    },
    "optimization": {
      "candidates": [
        {
          "buy": 59.65,
          "sell": 21.34,
          "buy_exit": 54.65,
          "sell_exit": 26.34,
          "baseline": true
        },
        {
          "buy": 50.19,
          "sell": 16.66,
          "buy_exit": 45.19,
          "sell_exit": 21.66,
          "winrate": 60.71,
          "expectancy_pct": 0.78,
          "winrate_after_costs": 60.71,
          "expectancy_after_costs_pct": 0.66,
          "total_trades": 28,
          "max_consec_losses": 2
        },
        {
          "buy": 50.19,
          "sell": 19.06,
          "buy_exit": 45.19,
          "sell_exit": 24.06,
          "winrate": 52.78,
          "expectancy_pct": 0.56,
          "winrate_after_costs": 52.78,
          "expectancy_after_costs_pct": 0.44,
          "total_trades": 36,
          "max_consec_losses": 4
        },
        {
          "buy": 50.19,
          "sell": 21.34,
          "buy_exit": 45.19,
          "sell_exit": 26.34,
          "winrate": 52.5,
          "expectancy_pct": 0.56,
          "winrate_after_costs": 52.5,
          "expectancy_after_costs_pct": 0.44,
          "total_trades": 40,
          "max_consec_losses": 3
        },
        {
          "buy": 50.19,
          "sell": 24.54,
          "buy_exit": 45.19,
          "sell_exit": 29.54,
          "winrate": 50.0,
          "expectancy_pct": 0.55,
          "winrate_after_costs": 47.83,
          "expectancy_after_costs_pct": 0.43,
          "total_trades": 46,
          "max_consec_losses": 3
        },
        {
          "buy": 74.27,
          "sell": 24.54,
          "buy_exit": 69.27,
          "sell_exit": 29.54,
          "winrate": 40.0,
          "expectancy_pct": 0.3,
          "winrate_after_costs": 37.14,
          "expectancy_after_costs_pct": 0.18,
          "total_trades": 35,
          "max_consec_losses": 3
        },
        {
          "buy": 74.27,
          "sell": 21.34,
          "buy_exit": 69.27,
          "sell_exit": 26.34,
          "winrate": 41.38,
          "expectancy_pct": 0.23,
          "winrate_after_costs": 41.38,
          "expectancy_after_costs_pct": 0.11,
          "total_trades": 29,
          "max_consec_losses": 5
        },
        {
          "buy": 59.65,
          "sell": 24.54,
          "buy_exit": 54.65,
          "sell_exit": 29.54,
          "winrate": 38.1,
          "expectancy_pct": 0.19,
          "winrate_after_costs": 33.33,
          "expectancy_after_costs_pct": 0.07,
          "total_trades": 42,
          "max_consec_losses": 4
        },
        {
          "buy": 66.13,
          "sell": 24.54,
          "buy_exit": 61.13,
          "sell_exit": 29.54,
          "winrate": 34.15,
          "expectancy_pct": 0.18,
          "winrate_after_costs": 31.71,
          "expectancy_after_costs_pct": 0.06,
          "total_trades": 41,
          "max_consec_losses": 6
        }
      ]
    }
  },
  "symbols": {
    "SOLUSDT": {
      "count": 280,
      "mean": 49.948185516551376,
      "std": 21.14769576314368,
      "p25": 29.491602262598196,
      "p50": 50.06096451251259,
      "p75": 68.86614388867469,
      "trades": {
        "total_trades": 16,
        "wins": 6,
        "losses": 10,
        "winrate": 37.5,
        "avg_gain_pct": 3.28,
        "avg_loss_pct": 0.87,
        "expectancy_pct": 0.68,
        "max_consec_losses": 4,
        "cost_per_round_pct": 0.12,
        "winrate_after_costs": 31.25,
        "expectancy_after_costs_pct": 0.56
      }
    },
    "BTCUSDT": {
      "count": 280,
      "mean": 34.56448163669408,
      "std": 13.234765197074163,
      "p25": 21.400135888528304,
      "p50": 39.34170862025495,
      "p75": 46.01996082838366,
      "trades": {
        "total_trades": 9,
        "wins": 4,
        "losses": 5,
        "winrate": 44.44,
        "avg_gain_pct": 1.47,
        "avg_loss_pct": 0.41,
        "expectancy_pct": 0.43,
        "max_consec_losses": 2,
        "cost_per_round_pct": 0.12,
        "winrate_after_costs": 44.44,
        "expectancy_after_costs_pct": 0.31
      }
    },
    "ETHUSDT": {
      "count": 280,
      "mean": 36.33945552993612,
      "std": 12.863002955499578,
      "p25": 25.219160261224136,
      "p50": 36.47794155560821,
      "p75": 46.74509401328025,
      "trades": {
        "total_trades": 11,
        "wins": 4,
        "losses": 7,
        "winrate": 36.36,
        "avg_gain_pct": 1.0,
        "avg_loss_pct": 1.77,
        "expectancy_pct": -0.76,
        "max_consec_losses": 5,
        "cost_per_round_pct": 0.12,
        "winrate_after_costs": 36.36,
        "expectancy_after_costs_pct": -0.88
      }
    }
  }
}